{   
    "soma": {
        "Ra": 344.0000000,
        "cm": 4.0000000,
        "gpas": 0.0000770,
        "epas": -33.0000000,
        "gbshl1": 0.0010000,
        "gbshk1": 0.0001500,
        "gbkvs1": 0.0001000,
        "gbegl2": 0.0000100,
        "gbegl36": 0.0012000,
        "gbkqt3": 0.0000500,
        "gbegl19": 0.0000000,
        "gbunc2": 0.0000000,
        "gbcca1": 0.0000000,
        "gbslo1_egl19": 0.0000130,
        "gbslo1_unc2": 0.0090000,
        "gbslo2_egl19": 0.0006700,
        "gbslo2_unc2": 0.0000000,
        "gbkcnl": 0.0000000,
        "gbnca": 0.0000090,
        "gbirk": 0.0010500
    },
    "neurite": {
        "Ra": 344.0000000,
        "cm": 4.0000000,
        "gpas": 0.0000770,
        "epas": -33.0000000
    }
}
