{   
    "soma": {
        "Ra": 380.0000000,
        "cm": 2.0000000,
        "gpas": 0.0000300,
        "epas": -75.0000000,
        "gbshl1": 0.0016000,
        "gbshk1": 0.0002000,
        "gbkvs1": 0.0001000,
        "gbegl2": 0.0010000,
        "gbegl36": 0.0000000,
        "gbkqt3": 0.0000000,
        "gbegl19": 0.0020000,
        "gbunc2": 0.0015000,
        "gbcca1": 0.0010000,
        "gbslo1_egl19": 0.0000000,
        "gbslo1_unc2": 0.0360000,
        "gbslo2_egl19": 0.0000160,
        "gbslo2_unc2": 0.0000350,
        "gbkcnl": 0.0003000,
        "gbnca": 0.0000600,
        "gbirk": 0.0010000
    },
    "neurite": {
        "Ra": 380.0000000,
        "cm": 2.0000000,
        "gpas": 0.0000300,
        "epas": -75.0000000
    }
}
