{   
    "soma": {
        "Ra": 269.0000000,
        "cm": 7.0000000,
        "gpas": 0.0000140,
        "epas": -54.5000000,
        "gbshl1": 0.0010000,
        "gbshk1": 0.0003700,
        "gbkvs1": 0.0005000,
        "gbegl2": 0.0010000,
        "gbegl36": 0.0004900,
        "gbkqt3": 0.0004000,
        "gbegl19": 0.0000000,
        "gbunc2": 0.0000000,
        "gbcca1": 0.0001700,
        "gbslo1_egl19": 0.0002800,
        "gbslo1_unc2": 0.0001740,
        "gbslo2_egl19": 0.0015000,
        "gbslo2_unc2": 0.0022000,
        "gbkcnl": 0.0006300,
        "gbnca": 0.0000850,
        "gbirk": 0.0011000
    },
    "neurite": {
        "Ra": 269.0000000,
        "cm": 7.0000000,
        "gpas": 0.0000140,
        "epas": -54.5000000
    }
}
