{   
    "soma": {
        "Ra": 150.0000000,
        "cm": 8.0000000,
        "gpas": 0.0000700,
        "epas": -33.0000000,
        "gbshl1": 0.0004000,
        "gbshk1": 0.0010000,
        "gbkvs1": 0.0000000,
        "gbegl2": 0.0000000,
        "gbegl36": 0.0000000,
        "gbkqt3": 0.0000000,
        "gbegl19": 0.0020000,
        "gbunc2": 0.0001000,
        "gbcca1": 0.0006000,
        "gbslo1_egl19": 0.0000000,
        "gbslo1_unc2": 0.0600000,
        "gbslo2_egl19": 0.0000000,
        "gbslo2_unc2": 0.0000000,
        "gbkcnl": 0.0050000,
        "gbnca": 0.0007000,
        "gbirk": 0.0000000
    },
    "neurite": {
        "Ra": 150.0000000,
        "cm": 8.0000000,
        "gpas": 0.0000700,
        "epas": -33.0000000
    }
}
