{   
    "soma": {
        "Ra": 380.0000000,
        "cm": 2.0000000,
        "gpas": 0.0000300,
        "epas": -65.0000000,
        "gbshl1": 0.0260,
        "gbshk1": 0.0000,
        "gbkvs1": 0.0000,
        "gbegl2": 0.0000,
        "gbegl36": 0.0000,
        "gbkqt3": 0.0220,
        "gbegl19": 0.0060,
        "gbunc2": 0.0010,
        "gbcca1": 0.0000,
        "gbslo1_egl19": 0.0000,
        "gbslo1_unc2": 0.0000,
        "gbslo2_egl19": 0.0000,
        "gbslo2_unc2": 0.0000,
        "gbkcnl": 0.0000,
        "gbnca": 0.0000,
        "gbirk": 0.0000
    },
    "neurite": {
        "Ra": 380.0000000,
        "cm": 2.0000000,
        "gpas": 0.0000300,
        "epas": -65.0000000
    }
}
