{   
    "soma": {
        "Ra": 221.0000000,
        "cm": 2.0000000,
        "gpas": 0.0000500,
        "epas": -75.0000000,
        "gbshl1": 0.0010000,
        "gbshk1": 0.0055000,
        "gbkvs1": 0.0000000,
        "gbegl2": 0.0010000,
        "gbegl36": 0.0046000,
        "gbkqt3": 0.0001600,
        "gbegl19": 0.0001000,
        "gbunc2": 0.0000000,
        "gbcca1": 0.0015000,
        "gbslo1_egl19": 0.0000000,
        "gbslo1_unc2": 0.0040000,
        "gbslo2_egl19": 0.0013000,
        "gbslo2_unc2": 0.0006000,
        "gbkcnl": 0.0000000,
        "gbnca": 0.0001500,
        "gbirk": 0.0000000
    },
    "neurite": {
        "Ra": 221.0000000,
        "cm": 2.0000000,
        "gpas": 0.0000500,
        "epas": -75.0000000
    }
}
